codice_voce,macro_categoria_v2
0.00.00.99.995,Altro
0.00.00.99.996,Altro
0.00.00.99.998,Altro
0.00.00.99.999,Altro
1.01.01.06.001,Imposte proprie
1.01.01.06.002,Imposte proprie
1.01.01.08.001,Imposte proprie
1.01.01.08.002,Imposte proprie
1.01.01.16.001,Imposte proprie
1.01.01.16.002,Imposte proprie
1.01.01.17.001,Imposte proprie
1.01.01.17.002,Imposte proprie
1.01.01.20.001,Imposte proprie
1.01.01.20.002,Imposte proprie
1.01.01.31.001,Imposte proprie
1.01.01.31.002,Imposte proprie
1.01.01.34.001,Imposte proprie
1.01.01.34.002,Imposte proprie
1.01.01.39.001,Imposte proprie
1.01.01.39.002,Imposte proprie
1.01.01.40.001,Imposte proprie
1.01.01.40.002,Imposte proprie
1.01.01.41.001,Imposte proprie
1.01.01.41.002,Imposte proprie
1.01.01.42.001,Imposte proprie
1.01.01.42.002,Imposte proprie
1.01.01.43.001,Imposte proprie
1.01.01.43.002,Imposte proprie
1.01.01.44.001,Imposte proprie
1.01.01.44.002,Imposte proprie
1.01.01.46.001,Imposte proprie
1.01.01.46.002,Imposte proprie
1.01.01.47.001,Imposte proprie
1.01.01.47.002,Imposte proprie
1.01.01.48.001,Imposte proprie
1.01.01.48.002,Imposte proprie
1.01.01.49.001,Imposte proprie
1.01.01.49.002,Imposte proprie
1.01.01.50.001,Imposte proprie
1.01.01.50.002,Imposte proprie
1.01.01.51.001,Imposte proprie
1.01.01.51.002,Imposte proprie
1.01.01.52.001,Imposte proprie
1.01.01.52.002,Imposte proprie
1.01.01.53.001,Imposte proprie
1.01.01.53.002,Imposte proprie
1.01.01.54.001,Imposte proprie
1.01.01.54.002,Imposte proprie
1.01.01.55.001,Imposte proprie
1.01.01.55.002,Imposte proprie
1.01.01.59.001,Imposte proprie
1.01.01.59.002,Imposte proprie
1.01.01.60.001,Imposte proprie
1.01.01.60.002,Imposte proprie
1.01.01.61.001,Imposte proprie
1.01.01.61.002,Imposte proprie
1.01.01.64.001,Imposte proprie
1.01.01.64.002,Imposte proprie
1.01.01.65.001,Imposte proprie
1.01.01.65.002,Imposte proprie
1.01.01.68.001,Imposte proprie
1.01.01.68.002,Imposte proprie
1.01.01.70.001,Imposte proprie
1.01.01.70.002,Imposte proprie
1.01.01.76.001,Imposte proprie
1.01.01.76.002,Imposte proprie
1.01.01.77.001,Imposte proprie
1.01.01.77.002,Imposte proprie
1.01.01.95.001,Imposte proprie
1.01.01.95.002,Imposte proprie
1.01.01.96.001,Imposte proprie
1.01.01.96.002,Imposte proprie
1.01.01.97.001,Imposte proprie
1.01.01.97.002,Imposte proprie
1.01.01.98.001,Imposte proprie
1.01.01.98.002,Imposte proprie
1.01.01.99.001,Imposte proprie
1.01.01.99.002,Imposte proprie
1.01.02.01.001,Imposte proprie
1.01.02.02.001,Imposte proprie
1.01.02.03.001,Imposte proprie
1.01.02.04.001,Imposte proprie
1.01.02.05.001,Imposte proprie
1.01.02.06.001,Imposte proprie
1.01.02.99.999,Imposte proprie
1.01.03.01.001,Imposte proprie
1.01.03.01.002,Imposte proprie
1.01.03.02.001,Imposte proprie
1.01.03.02.002,Imposte proprie
1.01.03.03.001,Imposte proprie
1.01.03.03.002,Imposte proprie
1.01.03.04.001,Imposte proprie
1.01.03.04.002,Imposte proprie
1.01.03.05.001,Imposte proprie
1.01.03.05.002,Imposte proprie
1.01.03.07.001,Imposte proprie
1.01.03.07.002,Imposte proprie
1.01.03.09.001,Imposte proprie
1.01.03.09.002,Imposte proprie
1.01.03.10.001,Imposte proprie
1.01.03.10.002,Imposte proprie
1.01.03.11.001,Imposte proprie
1.01.03.11.002,Imposte proprie
1.01.03.12.001,Imposte proprie
1.01.03.12.002,Imposte proprie
1.01.03.13.001,Imposte proprie
1.01.03.13.002,Imposte proprie
1.01.03.14.001,Imposte proprie
1.01.03.14.002,Imposte proprie
1.01.03.15.001,Imposte proprie
1.01.03.15.002,Imposte proprie
1.01.03.18.000,Imposte proprie
1.01.03.18.001,Imposte proprie
1.01.03.18.002,Imposte proprie
1.01.03.19.000,Imposte proprie
1.01.03.19.001,Imposte proprie
1.01.03.19.002,Imposte proprie
1.01.03.21.000,Imposte proprie
1.01.03.21.001,Imposte proprie
1.01.03.21.002,Imposte proprie
1.01.03.22.000,Imposte proprie
1.01.03.22.001,Imposte proprie
1.01.03.22.002,Imposte proprie
1.01.03.23.001,Imposte proprie
1.01.03.23.002,Imposte proprie
1.01.03.24.000,Imposte proprie
1.01.03.24.001,Imposte proprie
1.01.03.24.002,Imposte proprie
1.01.03.25.000,Imposte proprie
1.01.03.25.001,Imposte proprie
1.01.03.25.002,Imposte proprie
1.01.03.26.000,Imposte proprie
1.01.03.26.001,Imposte proprie
1.01.03.26.002,Imposte proprie
1.01.03.27.000,Imposte proprie
1.01.03.27.001,Imposte proprie
1.01.03.27.002,Imposte proprie
1.01.03.28.001,Imposte proprie
1.01.03.28.002,Imposte proprie
1.01.03.29.001,Imposte proprie
1.01.03.29.002,Imposte proprie
1.01.03.30.001,Imposte proprie
1.01.03.30.002,Imposte proprie
1.01.03.32.001,Imposte proprie
1.01.03.32.002,Imposte proprie
1.01.03.33.001,Imposte proprie
1.01.03.33.002,Imposte proprie
1.01.03.34.001,Imposte proprie
1.01.03.34.002,Imposte proprie
1.01.03.35.001,Imposte proprie
1.01.03.35.002,Imposte proprie
1.01.03.36.001,Imposte proprie
1.01.03.36.002,Imposte proprie
1.01.03.37.001,Imposte proprie
1.01.03.37.002,Imposte proprie
1.01.03.38.001,Imposte proprie
1.01.03.38.002,Imposte proprie
1.01.03.45.001,Imposte proprie
1.01.03.45.002,Imposte proprie
1.01.03.50.001,Imposte proprie
1.01.03.50.002,Imposte proprie
1.01.03.56.001,Imposte proprie
1.01.03.56.002,Imposte proprie
1.01.03.58.001,Imposte proprie
1.01.03.58.002,Imposte proprie
1.01.03.62.001,Imposte proprie
1.01.03.62.002,Imposte proprie
1.01.03.71.001,Imposte proprie
1.01.03.71.002,Imposte proprie
1.01.03.72.001,Imposte proprie
1.01.03.72.002,Imposte proprie
1.01.03.74.001,Imposte proprie
1.01.03.74.002,Imposte proprie
1.01.03.95.001,Imposte proprie
1.01.03.95.002,Imposte proprie
1.01.03.96.001,Imposte proprie
1.01.03.96.002,Imposte proprie
1.01.03.97.001,Imposte proprie
1.01.03.97.002,Imposte proprie
1.01.03.98.001,Imposte proprie
1.01.03.98.002,Imposte proprie
1.01.03.99.001,Imposte proprie
1.01.03.99.002,Imposte proprie
1.01.04.01.001,Imposte proprie
1.01.04.02.001,Imposte proprie
1.01.04.03.001,Imposte proprie
1.01.04.04.001,Imposte proprie
1.01.04.05.001,Imposte proprie
1.01.04.06.001,Imposte proprie
1.01.04.07.001,Imposte proprie
1.01.04.08.001,Imposte proprie
1.01.04.09.001,Imposte proprie
1.01.04.97.999,Imposte proprie
1.01.04.98.999,Imposte proprie
1.01.04.99.999,Imposte proprie
1.03.01.01.001,Fondi perequativi
1.03.01.02.001,Fondi perequativi
1.03.02.01.001,Fondi perequativi
1100,Entrate extratributarie
1101,Imposte proprie
1102,Imposte proprie
1103,Altro
1104,Altro
1110,Imposte proprie
1111,Imposte proprie
1112,Trasferimenti correnti
1120,Imposte proprie
1121,Altro
1130,Imposte proprie
1131,Imposte proprie
1140,Altro
1141,Imposte proprie
1150,Altro
1151,Imposte proprie
1160,Imposte proprie
1161,Imposte proprie
1162,Imposte proprie
1170,Altro
1171,Altro
1172,Altro
1173,Altro
1174,Imposte proprie
1175,Imposte proprie
1176,Imposte proprie
1177,Imposte proprie
1178,Altro
1179,Altro
1180,Imposte proprie
1199,Altro
1200,Entrate extratributarie
1201,Trasferimenti correnti
1202,Trasferimenti correnti
1203,Imposte proprie
1204,Imposte proprie
1210,Altro
1211,Trasferimenti correnti
1212,Trasferimenti correnti
1220,Altro
1221,Altro
1222,Trasferimenti correnti
1230,Altro
1231,Trasferimenti correnti
1232,Trasferimenti correnti
1233,Trasferimenti correnti
1240,Altro
1241,Trasferimenti correnti
1242,Trasferimenti correnti
1243,Trasferimenti correnti
1244,Trasferimenti correnti
1245,Trasferimenti correnti
1246,Trasferimenti correnti
1247,Trasferimenti correnti
1248,Trasferimenti correnti
1249,Trasferimenti correnti
1250,Altro
1251,Trasferimenti correnti
1252,Trasferimenti correnti
1253,Trasferimenti correnti
1254,Trasferimenti correnti
1255,Trasferimenti correnti
1257,Trasferimenti correnti
1260,Altro
1269,Trasferimenti correnti
1270,Altro
1271,Trasferimenti correnti
1272,Trasferimenti correnti
1273,Trasferimenti correnti
1274,Trasferimenti correnti
1280,Altro
1281,Trasferimenti correnti
1282,Trasferimenti correnti
1283,Trasferimenti correnti
1289,Trasferimenti correnti
1290,Altro
1291,Trasferimenti correnti
1292,Trasferimenti correnti
1293,Trasferimenti correnti
1294,Trasferimenti correnti
1295,Trasferimenti correnti
1296,Trasferimenti correnti
1299,Altro
1300,Altro
1301,Entrate extratributarie
1302,Entrate extratributarie
1303,Entrate extratributarie
1304,Entrate extratributarie
1305,Altro
1306,Trasferimenti correnti
1307,Altro
1308,Trasferimenti correnti
1309,Altro
1310,Imposte proprie
1318,Altro
1319,Altro
1320,Altro
1321,Altro
1322,Altro
1323,Altro
1324,Altro
1325,Altro
1326,Altro
1327,Altro
1328,Altro
1329,Altro
1330,Altro
1331,Altro
1332,Altro
1341,Altro
1342,Altro
1351,Altro
1352,Altro
1353,Altro
1354,Altro
1399,Altro
1400,Entrate extratributarie
1401,Trasferimenti correnti
1402,Trasferimenti correnti
1403,Imposte proprie
1404,Altro
1405,Imposte proprie
1406,Imposte proprie
1407,Altro
1408,Altro
1409,Imposte proprie
1410,Imposte proprie
1411,Altro
1412,Altro
1413,Altro
1414,Altro
1415,Altro
1416,Imposte proprie
1420,Altro
1431,Altro
1432,Altro
1433,Altro
1434,Altro
1500,Entrate extratributarie
1501,Trasferimenti correnti
1502,Trasferimenti correnti
1511,Trasferimenti correnti
1512,Trasferimenti correnti
1521,Trasferimenti correnti
1531,Trasferimenti correnti
1532,Trasferimenti correnti
1533,Trasferimenti correnti
1534,Trasferimenti correnti
1535,Trasferimenti correnti
1541,Trasferimenti correnti
1542,Trasferimenti correnti
1551,Trasferimenti correnti
1552,Trasferimenti correnti
1553,Trasferimenti correnti
1554,Trasferimenti correnti
1555,Trasferimenti correnti
1556,Trasferimenti correnti
1557,Trasferimenti correnti
1558,Trasferimenti correnti
1559,Trasferimenti correnti
1599,Trasferimenti correnti
1600,Entrate extratributarie
1650,Entrate extratributarie
1700,Entrate extratributarie
1800,Entrate extratributarie
2.01.01.01.001,Trasferimenti correnti
2.01.01.01.002,Trasferimenti correnti
2.01.01.01.003,Trasferimenti correnti
2.01.01.01.004,Trasferimenti correnti
2.01.01.01.005,Trasferimenti correnti
2.01.01.01.006,Trasferimenti correnti
2.01.01.01.007,Trasferimenti correnti
2.01.01.01.008,Trasferimenti correnti
2.01.01.01.009,Trasferimenti correnti
2.01.01.01.010,Trasferimenti correnti
2.01.01.01.011,Trasferimenti correnti
2.01.01.01.012,Trasferimenti correnti
2.01.01.01.013,Trasferimenti correnti
2.01.01.01.014,Trasferimenti correnti
2.01.01.01.015,Trasferimenti correnti
2.01.01.01.999,Trasferimenti correnti
2.01.01.02.001,Trasferimenti correnti
2.01.01.02.002,Trasferimenti correnti
2.01.01.02.003,Trasferimenti correnti
2.01.01.02.004,Trasferimenti correnti
2.01.01.02.005,Trasferimenti correnti
2.01.01.02.006,Trasferimenti correnti
2.01.01.02.007,Trasferimenti correnti
2.01.01.02.008,Trasferimenti correnti
2.01.01.02.009,Trasferimenti correnti
2.01.01.02.010,Trasferimenti correnti
2.01.01.02.011,Trasferimenti correnti
2.01.01.02.012,Trasferimenti correnti
2.01.01.02.013,Trasferimenti correnti
2.01.01.02.014,Trasferimenti correnti
2.01.01.02.015,Trasferimenti correnti
2.01.01.02.016,Trasferimenti correnti
2.01.01.02.017,Trasferimenti correnti
2.01.01.02.018,Trasferimenti correnti
2.01.01.02.019,Trasferimenti correnti
2.01.01.02.999,Trasferimenti correnti
2.01.01.03.001,Trasferimenti correnti
2.01.01.03.002,Trasferimenti correnti
2.01.01.03.999,Trasferimenti correnti
2.01.01.04.001,Trasferimenti correnti
2.01.02.01.001,Trasferimenti correnti
2.01.03.01.001,Trasferimenti correnti
2.01.03.01.002,Trasferimenti correnti
2.01.03.01.999,Trasferimenti correnti
2.01.03.02.001,Trasferimenti correnti
2.01.03.02.002,Trasferimenti correnti
2.01.03.02.003,Trasferimenti correnti
2.01.03.02.004,Trasferimenti correnti
2.01.03.02.005,Trasferimenti correnti
2.01.03.02.999,Trasferimenti correnti
2.01.04.01.001,Trasferimenti correnti
2.01.05.01.002,Trasferimenti correnti
2.01.05.01.003,Trasferimenti correnti
2.01.05.01.004,Trasferimenti correnti
2.01.05.01.005,Trasferimenti correnti
2.01.05.01.006,Trasferimenti correnti
2.01.05.01.007,Trasferimenti correnti
2.01.05.01.999,Trasferimenti correnti
2.01.05.02.001,Trasferimenti correnti
2101,Trasferimenti correnti
2102,Trasferimenti correnti
2103,Trasferimenti correnti
2104,Trasferimenti correnti
2105,Trasferimenti correnti
2106,Trasferimenti correnti
2107,Trasferimenti correnti
2108,Trasferimenti correnti
2109,Trasferimenti correnti
2110,Trasferimenti correnti
2111,Trasferimenti correnti
2112,Trasferimenti correnti
2113,Trasferimenti correnti
2114,Trasferimenti correnti
2115,Trasferimenti correnti
2116,Trasferimenti correnti
2117,Trasferimenti correnti
2118,Trasferimenti correnti
2119,Trasferimenti correnti
2120,Trasferimenti correnti
2121,Trasferimenti correnti
2122,Trasferimenti correnti
2123,Trasferimenti correnti
2124,Altro
2125,Altro
2126,Altro
2127,Altro
2128,Altro
2129,Altro
2130,Altro
2131,Trasferimenti correnti
2132,Altro
2133,Trasferimenti correnti
2134,Trasferimenti correnti
2135,Trasferimenti correnti
2136,Trasferimenti correnti
2137,Trasferimenti correnti
2138,Altro
2139,Altro
2140,Trasferimenti correnti
2141,Trasferimenti correnti
2142,Altro
2143,Altro
2144,Trasferimenti correnti
2145,Trasferimenti correnti
2146,Trasferimenti correnti
2147,Altro
2148,Altro
2149,Trasferimenti correnti
2150,Trasferimenti correnti
2151,Trasferimenti correnti
2152,Trasferimenti correnti
2153,Trasferimenti correnti
2154,Trasferimenti correnti
2155,Altro
2156,Altro
2157,Altro
2189,Altro
2191,Altro
2192,Altro
2197,Altro
2198,Altro
2199,Trasferimenti correnti
2201,Trasferimenti correnti
2202,Trasferimenti correnti
2203,Trasferimenti correnti
2204,Trasferimenti correnti
2205,Trasferimenti correnti
2206,Trasferimenti correnti
2209,Altro
2210,Altro
2211,Trasferimenti correnti
2212,Trasferimenti correnti
2213,Trasferimenti correnti
2221,Altro
2222,Trasferimenti correnti
2223,Altro
2224,Altro
2225,Altro
2231,Trasferimenti correnti
2232,Trasferimenti correnti
2233,Trasferimenti correnti
2241,Trasferimenti correnti
2242,Trasferimenti correnti
2243,Trasferimenti correnti
2244,Trasferimenti correnti
2245,Trasferimenti correnti
2246,Trasferimenti correnti
2247,Trasferimenti correnti
2248,Trasferimenti correnti
2249,Trasferimenti correnti
2250,Trasferimenti correnti
2251,Trasferimenti correnti
2252,Trasferimenti correnti
2253,Trasferimenti correnti
2254,Trasferimenti correnti
2255,Trasferimenti correnti
2288,Trasferimenti correnti
2289,Trasferimenti correnti
2291,Trasferimenti correnti
2292,Trasferimenti correnti
2293,Trasferimenti correnti
2294,Trasferimenti correnti
2295,Trasferimenti correnti
2296,Trasferimenti correnti
2299,Altro
2301,Trasferimenti correnti
2302,Trasferimenti correnti
2303,Trasferimenti correnti
2304,Trasferimenti correnti
2305,Trasferimenti correnti
2306,Trasferimenti correnti
2307,Trasferimenti correnti
2308,Trasferimenti correnti
2309,Trasferimenti correnti
2311,Altro
2312,Altro
2313,Altro
2314,Trasferimenti correnti
2315,Trasferimenti correnti
2316,Trasferimenti correnti
2317,Altro
2321,Altro
2322,Altro
2323,Altro
2324,Altro
2325,Altro
2326,Altro
2327,Altro
2328,Altro
2329,Altro
2331,Altro
2332,Altro
2399,Trasferimenti correnti
2400,Altro
2401,Trasferimenti correnti
2402,Trasferimenti correnti
2501,Altro
2502,Altro
2511,Trasferimenti correnti
2512,Altro
2513,Altro
2514,Altro
2516,Altro
2517,Altro
2518,Altro
2519,Altro
2521,Trasferimenti correnti
2531,Trasferimenti correnti
2532,Trasferimenti correnti
2533,Trasferimenti correnti
2534,Trasferimenti correnti
2535,Trasferimenti correnti
2541,Trasferimenti correnti
2542,Trasferimenti correnti
2551,Trasferimenti correnti
2552,Trasferimenti correnti
2553,Trasferimenti correnti
2554,Trasferimenti correnti
2555,Trasferimenti correnti
2556,Trasferimenti correnti
2557,Trasferimenti correnti
2558,Trasferimenti correnti
2559,Trasferimenti correnti
2599,Trasferimenti correnti
3.01.01.01.001,Altro
3.01.01.01.002,Altro
3.01.01.01.003,Altro
3.01.01.01.004,Entrate extratributarie
3.01.01.01.005,Entrate extratributarie
3.01.01.01.006,Entrate extratributarie
3.01.01.01.007,Entrate extratributarie
3.01.01.01.008,Entrate extratributarie
3.01.01.01.009,Entrate extratributarie
3.01.01.01.999,Entrate extratributarie
3.01.02.01.001,Altro
3.01.02.01.002,Entrate extratributarie
3.01.02.01.003,Entrate extratributarie
3.01.02.01.004,Entrate extratributarie
3.01.02.01.005,Entrate extratributarie
3.01.02.01.006,Entrate extratributarie
3.01.02.01.007,Entrate extratributarie
3.01.02.01.008,Entrate extratributarie
3.01.02.01.009,Entrate extratributarie
3.01.02.01.010,Entrate extratributarie
3.01.02.01.011,Entrate extratributarie
3.01.02.01.012,Entrate extratributarie
3.01.02.01.013,Entrate extratributarie
3.01.02.01.014,Entrate extratributarie
3.01.02.01.015,Entrate extratributarie
3.01.02.01.016,Entrate extratributarie
3.01.02.01.017,Entrate extratributarie
3.01.02.01.018,Entrate extratributarie
3.01.02.01.019,Entrate extratributarie
3.01.02.01.020,Entrate extratributarie
3.01.02.01.021,Entrate extratributarie
3.01.02.01.022,Entrate extratributarie
3.01.02.01.023,Entrate extratributarie
3.01.02.01.024,Entrate extratributarie
3.01.02.01.025,Entrate extratributarie
3.01.02.01.026,Entrate extratributarie
3.01.02.01.027,Entrate extratributarie
3.01.02.01.028,Entrate extratributarie
3.01.02.01.029,Entrate extratributarie
3.01.02.01.030,Entrate extratributarie
3.01.02.01.031,Entrate extratributarie
3.01.02.01.032,Entrate extratributarie
3.01.02.01.033,Entrate extratributarie
3.01.02.01.034,Altro
3.01.02.01.035,Entrate extratributarie
3.01.02.01.036,Entrate extratributarie
3.01.02.01.037,Entrate extratributarie
3.01.02.01.038,Entrate extratributarie
3.01.02.01.039,Entrate extratributarie
3.01.02.01.040,Entrate extratributarie
3.01.02.01.041,Entrate extratributarie
3.01.02.01.042,Altro
3.01.02.01.043,Entrate extratributarie
3.01.02.01.999,Entrate extratributarie
3.01.02.02.001,Altro
3.01.02.02.002,Altro
3.01.02.02.999,Altro
3.01.03.01.001,Altro
3.01.03.01.002,Entrate extratributarie
3.01.03.01.003,Entrate extratributarie
3.01.03.02.001,Altro
3.01.03.02.002,Entrate extratributarie
3.01.03.02.003,Entrate extratributarie
3.02.01.01.001,Altro
3.02.01.01.002,Entrate extratributarie
3.02.01.01.003,Altro
3.02.01.01.004,Altro
3.02.01.01.999,Altro
3.02.01.02.001,Altro
3.02.01.99.001,Entrate extratributarie
3.02.02.01.001,Altro
3.02.02.01.002,Entrate extratributarie
3.02.02.01.003,Entrate extratributarie
3.02.02.01.004,Entrate extratributarie
3.02.02.01.999,Entrate extratributarie
3.02.02.02.001,Entrate extratributarie
3.02.02.03.001,Altro
3.02.02.99.001,Entrate extratributarie
3.02.03.01.001,Altro
3.02.03.01.002,Entrate extratributarie
3.02.03.01.003,Entrate extratributarie
3.02.03.01.004,Entrate extratributarie
3.02.03.01.999,Entrate extratributarie
3.02.03.02.001,Altro
3.02.03.03.001,Altro
3.02.03.99.001,Entrate extratributarie
3.02.04.01.001,Altro
3.02.04.01.002,Entrate extratributarie
3.02.04.01.003,Entrate extratributarie
3.02.04.01.004,Entrate extratributarie
3.02.04.01.999,Entrate extratributarie
3.02.04.02.001,Entrate extratributarie
3.02.04.03.001,Altro
3.02.04.99.001,Entrate extratributarie
3.03.01.01.001,Altro
3.03.01.01.002,Entrate extratributarie
3.03.01.01.003,Altro
3.03.01.01.004,Altro
3.03.01.02.001,Altro
3.03.01.02.002,Altro
3.03.01.02.003,Altro
3.03.01.02.004,Altro
3.03.01.02.005,Altro
3.03.01.02.006,Altro
3.03.01.02.999,Altro
3.03.02.01.001,Altro
3.03.02.01.002,Entrate extratributarie
3.03.02.01.003,Entrate extratributarie
3.03.02.01.004,Entrate extratributarie
3.03.02.02.001,Entrate extratributarie
3.03.02.02.002,Entrate extratributarie
3.03.02.02.003,Entrate extratributarie
3.03.02.02.004,Entrate extratributarie
3.03.02.02.005,Entrate extratributarie
3.03.02.02.006,Entrate extratributarie
3.03.02.02.999,Entrate extratributarie
3.03.03.01.001,Altro
3.03.03.01.002,Entrate extratributarie
3.03.03.02.001,Altro
3.03.03.02.002,Entrate extratributarie
3.03.03.02.003,Entrate extratributarie
3.03.03.02.999,Entrate extratributarie
3.03.03.03.001,Altro
3.03.03.04.001,Entrate extratributarie
3.03.03.99.001,Entrate extratributarie
3.03.03.99.002,Entrate extratributarie
3.03.03.99.003,Entrate extratributarie
3.03.03.99.999,Entrate extratributarie
3.04.01.01.001,Altro
3.04.01.02.999,Altro
3.04.02.01.001,Altro
3.04.02.01.002,Entrate extratributarie
3.04.02.01.003,Entrate extratributarie
3.04.02.02.001,Entrate extratributarie
3.04.02.02.002,Entrate extratributarie
3.04.02.02.003,Entrate extratributarie
3.04.02.03.001,Entrate extratributarie
3.04.02.03.002,Entrate extratributarie
3.04.02.03.999,Entrate extratributarie
3.04.03.01.001,Altro
3.04.99.01.001,Entrate extratributarie
3.04.99.99.999,Entrate extratributarie
3.05.01.01.001,Entrate extratributarie
3.05.01.01.002,Entrate extratributarie
3.05.01.01.999,Entrate extratributarie
3.05.01.99.999,Entrate extratributarie
3.05.02.01.001,Entrate extratributarie
3.05.02.02.001,Entrate extratributarie
3.05.02.02.002,Entrate extratributarie
3.05.02.02.003,Entrate extratributarie
3.05.02.03.001,Entrate extratributarie
3.05.02.03.002,Entrate extratributarie
3.05.02.03.003,Entrate extratributarie
3.05.02.03.004,Entrate extratributarie
3.05.02.03.005,Entrate extratributarie
3.05.02.03.006,Entrate extratributarie
3.05.02.03.007,Entrate extratributarie
3.05.02.03.008,Entrate extratributarie
3.05.02.04.001,Entrate extratributarie
3.05.02.04.002,Entrate extratributarie
3.05.99.02.001,Entrate extratributarie
3.05.99.03.001,Entrate extratributarie
3.05.99.99.999,Entrate extratributarie
3101,Entrate extratributarie
3102,Entrate extratributarie
3103,Entrate extratributarie
3104,Entrate extratributarie
3105,Entrate extratributarie
3106,Entrate extratributarie
3107,Imposte proprie
3108,Trasferimenti correnti
3109,Trasferimenti correnti
3110,Trasferimenti correnti
3111,Altro
3112,Trasferimenti correnti
3113,Altro
3114,Trasferimenti correnti
3115,Altro
3116,Altro
3117,Altro
3118,Altro
3119,Trasferimenti correnti
3120,Trasferimenti correnti
3121,Trasferimenti correnti
3122,Altro
3123,Altro
3124,Trasferimenti correnti
3125,Trasferimenti correnti
3126,Trasferimenti correnti
3127,Altro
3128,Trasferimenti correnti
3129,Trasferimenti correnti
3130,Altro
3131,Altro
3132,Altro
3133,Altro
3134,Altro
3141,Altro
3142,Altro
3149,Altro
3199,Trasferimenti correnti
3201,Entrate extratributarie
3202,Entrate extratributarie
3203,Entrate extratributarie
3204,Entrate extratributarie
3205,Trasferimenti correnti
3210,Trasferimenti correnti
3211,Altro
3212,Trasferimenti correnti
3213,Trasferimenti correnti
3214,Trasferimenti correnti
3215,Trasferimenti correnti
3216,Trasferimenti correnti
3217,Trasferimenti correnti
3218,Trasferimenti correnti
3219,Trasferimenti correnti
3220,Trasferimenti correnti
3221,Altro
3222,Altro
3223,Altro
3224,Trasferimenti correnti
3225,Trasferimenti correnti
3226,Trasferimenti correnti
3227,Trasferimenti correnti
3230,Trasferimenti correnti
3231,Altro
3232,Altro
3233,Trasferimenti correnti
3234,Trasferimenti correnti
3235,Trasferimenti correnti
3236,Trasferimenti correnti
3237,Trasferimenti correnti
3238,Trasferimenti correnti
3240,Altro
3301,Trasferimenti correnti
3302,Trasferimenti correnti
3303,Trasferimenti correnti
3310,Trasferimenti correnti
3311,Altro
3312,Altro
3313,Altro
3314,Altro
3315,Altro
3320,Trasferimenti correnti
3321,Altro
3322,Altro
3323,Altro
3324,Altro
3325,Altro
3326,Altro
3327,Altro
3328,Altro
3329,Altro
3330,Trasferimenti correnti
3340,Trasferimenti correnti
3400,Altro
3401,Trasferimenti correnti
3402,Trasferimenti correnti
3410,Trasferimenti correnti
3411,Trasferimenti correnti
3412,Trasferimenti correnti
3413,Trasferimenti correnti
3414,Trasferimenti correnti
3415,Trasferimenti correnti
3416,Trasferimenti correnti
3417,Trasferimenti correnti
3418,Trasferimenti correnti
3419,Trasferimenti correnti
3420,Trasferimenti correnti
3421,Trasferimenti correnti
3422,Trasferimenti correnti
3423,Trasferimenti correnti
3424,Trasferimenti correnti
3425,Trasferimenti correnti
3426,Trasferimenti correnti
3427,Trasferimenti correnti
3430,Trasferimenti correnti
3431,Trasferimenti correnti
3432,Trasferimenti correnti
3433,Trasferimenti correnti
3434,Trasferimenti correnti
3435,Trasferimenti correnti
3436,Trasferimenti correnti
3441,Trasferimenti correnti
3442,Trasferimenti correnti
3451,Trasferimenti correnti
3452,Trasferimenti correnti
3461,Trasferimenti correnti
3462,Trasferimenti correnti
3463,Trasferimenti correnti
3464,Trasferimenti correnti
3465,Trasferimenti correnti
3466,Trasferimenti correnti
3467,Trasferimenti correnti
3468,Trasferimenti correnti
3469,Trasferimenti correnti
3470,Trasferimenti correnti
3499,Trasferimenti correnti
3500,Trasferimenti correnti
3501,Altro
3502,Altro
3511,Trasferimenti correnti
3512,Altro
3513,Trasferimenti correnti
3514,Altro
3515,Altro
3516,Altro
3517,Altro
3518,Altro
3519,Altro
3600,Trasferimenti correnti
3601,Altro
3602,Altro
3611,Altro
3612,Altro
3620,Altro
3631,Altro
3632,Altro
3633,Altro
3634,Altro
3635,Altro
3641,Altro
3642,Altro
3651,Altro
3661,Altro
3671,Altro
3672,Altro
3681,Altro
3682,Altro
4.01.01.01.001,Altro
4.01.01.99.999,Imposte proprie
4.01.02.99.999,Imposte proprie
4.02.01.01.001,Contributi agli investimenti
4.02.01.01.002,Contributi agli investimenti
4.02.01.01.003,Contributi agli investimenti
4.02.01.01.004,Contributi agli investimenti
4.02.01.01.005,Contributi agli investimenti
4.02.01.01.006,Contributi agli investimenti
4.02.01.01.007,Contributi agli investimenti
4.02.01.01.008,Contributi agli investimenti
4.02.01.01.009,Contributi agli investimenti
4.02.01.01.010,Contributi agli investimenti
4.02.01.01.011,Contributi agli investimenti
4.02.01.01.012,Contributi agli investimenti
4.02.01.01.013,Contributi agli investimenti
4.02.01.01.014,Contributi agli investimenti
4.02.01.01.015,Contributi agli investimenti
4.02.01.01.999,Contributi agli investimenti
4.02.01.02.001,Contributi agli investimenti
4.02.01.02.002,Contributi agli investimenti
4.02.01.02.003,Contributi agli investimenti
4.02.01.02.004,Contributi agli investimenti
4.02.01.02.005,Contributi agli investimenti
4.02.01.02.006,Contributi agli investimenti
4.02.01.02.007,Contributi agli investimenti
4.02.01.02.008,Contributi agli investimenti
4.02.01.02.009,Contributi agli investimenti
4.02.01.02.010,Contributi agli investimenti
4.02.01.02.011,Contributi agli investimenti
4.02.01.02.012,Contributi agli investimenti
4.02.01.02.013,Contributi agli investimenti
4.02.01.02.014,Contributi agli investimenti
4.02.01.02.015,Contributi agli investimenti
4.02.01.02.016,Contributi agli investimenti
4.02.01.02.017,Contributi agli investimenti
4.02.01.02.018,Contributi agli investimenti
4.02.01.02.019,Contributi agli investimenti
4.02.01.02.999,Contributi agli investimenti
4.02.01.03.001,Contributi agli investimenti
4.02.01.03.002,Contributi agli investimenti
4.02.01.03.999,Contributi agli investimenti
4.02.01.04.001,Contributi agli investimenti
4.02.02.01.001,Contributi agli investimenti
4.02.03.01.001,Contributi agli investimenti
4.02.03.02.001,Contributi agli investimenti
4.02.03.03.999,Contributi agli investimenti
4.02.04.01.001,Contributi agli investimenti
4.02.05.01.001,Contributi agli investimenti
4.02.05.02.001,Contributi agli investimenti
4.02.05.03.001,Contributi agli investimenti
4.02.05.04.001,Contributi agli investimenti
4.02.05.05.001,Contributi agli investimenti
4.02.05.06.001,Contributi agli investimenti
4.02.05.07.001,Contributi agli investimenti
4.02.05.99.999,Contributi agli investimenti
4.02.06.01.001,Contributi agli investimenti
4.02.06.01.002,Contributi agli investimenti
4.02.06.01.003,Contributi agli investimenti
4.02.06.01.004,Contributi agli investimenti
4.02.06.01.005,Contributi agli investimenti
4.02.06.01.006,Contributi agli investimenti
4.02.06.01.007,Contributi agli investimenti
4.02.06.01.008,Contributi agli investimenti
4.02.06.01.009,Contributi agli investimenti
4.02.06.01.010,Contributi agli investimenti
4.02.06.01.011,Contributi agli investimenti
4.02.06.01.012,Contributi agli investimenti
4.02.06.01.013,Contributi agli investimenti
4.02.06.01.999,Contributi agli investimenti
4.02.06.02.001,Contributi agli investimenti
4.02.06.02.002,Contributi agli investimenti
4.02.06.02.003,Contributi agli investimenti
4.02.06.02.004,Contributi agli investimenti
4.02.06.02.005,Contributi agli investimenti
4.02.06.02.006,Contributi agli investimenti
4.02.06.02.007,Contributi agli investimenti
4.02.06.02.008,Contributi agli investimenti
4.02.06.02.009,Contributi agli investimenti
4.02.06.02.010,Contributi agli investimenti
4.02.06.02.011,Contributi agli investimenti
4.02.06.02.012,Contributi agli investimenti
4.02.06.02.013,Contributi agli investimenti
4.02.06.02.014,Contributi agli investimenti
4.02.06.02.015,Contributi agli investimenti
4.02.06.02.016,Contributi agli investimenti
4.02.06.02.017,Contributi agli investimenti
4.02.06.02.018,Contributi agli investimenti
4.02.06.02.019,Contributi agli investimenti
4.02.06.02.999,Contributi agli investimenti
4.02.06.03.001,Contributi agli investimenti
4.02.06.03.002,Contributi agli investimenti
4.02.06.03.999,Contributi agli investimenti
4.02.06.04.001,Contributi agli investimenti
4.02.10.01.001,Contributi agli investimenti
4.03.01.01.001,Trasferimenti correnti
4.03.01.01.003,Trasferimenti correnti
4.03.01.01.004,Trasferimenti correnti
4.03.01.01.005,Trasferimenti correnti
4.03.01.01.006,Trasferimenti correnti
4.03.01.01.007,Trasferimenti correnti
4.03.01.01.008,Trasferimenti correnti
4.03.01.01.009,Trasferimenti correnti
4.03.01.01.010,Trasferimenti correnti
4.03.01.01.011,Trasferimenti correnti
4.03.01.01.012,Trasferimenti correnti
4.03.01.01.013,Trasferimenti c/capitale
4.03.01.01.999,Trasferimenti correnti
4.03.01.02.001,Trasferimenti correnti
4.03.01.02.002,Trasferimenti correnti
4.03.01.02.003,Trasferimenti correnti
4.03.01.02.004,Trasferimenti correnti
4.03.01.02.005,Trasferimenti correnti
4.03.01.02.006,Trasferimenti correnti
4.03.01.02.007,Trasferimenti correnti
4.03.01.02.008,Trasferimenti correnti
4.03.01.02.009,Trasferimenti correnti
4.03.01.02.010,Trasferimenti correnti
4.03.01.02.011,Trasferimenti correnti
4.03.01.02.012,Trasferimenti correnti
4.03.01.02.013,Trasferimenti correnti
4.03.01.02.014,Trasferimenti correnti
4.03.01.02.015,Trasferimenti correnti
4.03.01.02.016,Trasferimenti correnti
4.03.01.02.017,Trasferimenti correnti
4.03.01.02.018,Trasferimenti correnti
4.03.01.02.019,Trasferimenti correnti
4.03.01.02.999,Trasferimenti correnti
4.03.01.03.001,Trasferimenti correnti
4.03.01.03.002,Trasferimenti correnti
4.03.01.03.999,Trasferimenti correnti
4.03.01.04.001,Trasferimenti correnti
4.03.02.01.001,Trasferimenti correnti
4.03.02.02.001,Trasferimenti c/capitale
4.03.02.99.999,Trasferimenti c/capitale
4.03.03.01.001,Trasferimenti c/capitale
4.03.03.02.001,Trasferimenti c/capitale
4.03.04.01.001,Trasferimenti c/capitale
4.03.04.01.003,Trasferimenti c/capitale
4.03.04.01.004,Trasferimenti c/capitale
4.03.04.01.005,Trasferimenti c/capitale
4.03.04.01.006,Trasferimenti c/capitale
4.03.04.01.007,Trasferimenti c/capitale
4.03.04.01.008,Trasferimenti c/capitale
4.03.04.01.009,Trasferimenti c/capitale
4.03.04.01.010,Trasferimenti c/capitale
4.03.04.01.011,Trasferimenti c/capitale
4.03.04.01.012,Trasferimenti c/capitale
4.03.04.01.013,Trasferimenti c/capitale
4.03.04.01.999,Trasferimenti c/capitale
4.03.04.02.001,Trasferimenti c/capitale
4.03.04.02.002,Trasferimenti c/capitale
4.03.04.02.003,Trasferimenti c/capitale
4.03.04.02.004,Trasferimenti c/capitale
4.03.04.02.005,Trasferimenti c/capitale
4.03.04.02.006,Trasferimenti c/capitale
4.03.04.02.007,Trasferimenti c/capitale
4.03.04.02.008,Trasferimenti c/capitale
4.03.04.02.009,Trasferimenti c/capitale
4.03.04.02.010,Trasferimenti c/capitale
4.03.04.02.011,Trasferimenti c/capitale
4.03.04.02.012,Trasferimenti c/capitale
4.03.04.02.013,Trasferimenti c/capitale
4.03.04.02.014,Trasferimenti c/capitale
4.03.04.02.015,Trasferimenti c/capitale
4.03.04.02.016,Trasferimenti c/capitale
4.03.04.02.017,Trasferimenti c/capitale
4.03.04.02.018,Trasferimenti c/capitale
4.03.04.02.019,Trasferimenti c/capitale
4.03.04.02.999,Trasferimenti c/capitale
4.03.04.03.001,Trasferimenti c/capitale
4.03.04.03.002,Trasferimenti c/capitale
4.03.04.03.999,Trasferimenti c/capitale
4.03.04.04.001,Trasferimenti c/capitale
4.03.05.01.001,Trasferimenti c/capitale
4.03.05.02.001,Trasferimenti c/capitale
4.03.05.99.999,Trasferimenti c/capitale
4.03.06.01.001,Trasferimenti c/capitale
4.03.06.02.001,Trasferimenti c/capitale
4.03.07.01.001,Trasferimenti c/capitale
4.03.07.01.003,Trasferimenti c/capitale
4.03.07.01.004,Trasferimenti c/capitale
4.03.07.01.005,Trasferimenti c/capitale
4.03.07.01.006,Trasferimenti c/capitale
4.03.07.01.007,Trasferimenti c/capitale
4.03.07.01.008,Trasferimenti c/capitale
4.03.07.01.009,Trasferimenti c/capitale
4.03.07.01.010,Trasferimenti c/capitale
4.03.07.01.011,Trasferimenti c/capitale
4.03.07.01.012,Trasferimenti c/capitale
4.03.07.01.013,Trasferimenti c/capitale
4.03.07.01.999,Trasferimenti c/capitale
4.03.07.02.001,Trasferimenti c/capitale
4.03.07.02.002,Trasferimenti c/capitale
4.03.07.02.003,Trasferimenti c/capitale
4.03.07.02.004,Trasferimenti c/capitale
4.03.07.02.005,Trasferimenti c/capitale
4.03.07.02.006,Trasferimenti c/capitale
4.03.07.02.007,Trasferimenti c/capitale
4.03.07.02.008,Trasferimenti c/capitale
4.03.07.02.009,Trasferimenti c/capitale
4.03.07.02.010,Trasferimenti c/capitale
4.03.07.02.011,Trasferimenti c/capitale
4.03.07.02.012,Trasferimenti c/capitale
4.03.07.02.013,Trasferimenti c/capitale
4.03.07.02.014,Trasferimenti c/capitale
4.03.07.02.015,Trasferimenti c/capitale
4.03.07.02.016,Trasferimenti c/capitale
4.03.07.02.017,Trasferimenti c/capitale
4.03.07.02.018,Trasferimenti c/capitale
4.03.07.02.019,Trasferimenti c/capitale
4.03.07.02.999,Trasferimenti c/capitale
4.03.07.03.001,Trasferimenti c/capitale
4.03.07.03.002,Trasferimenti c/capitale
4.03.07.03.999,Trasferimenti c/capitale
4.03.07.04.001,Trasferimenti c/capitale
4.03.08.01.001,Trasferimenti c/capitale
4.03.08.02.001,Trasferimenti c/capitale
4.03.08.99.999,Trasferimenti c/capitale
4.03.09.01.001,Trasferimenti c/capitale
4.03.09.02.001,Trasferimenti c/capitale
4.03.10.01.001,Trasferimenti c/capitale
4.03.10.01.003,Trasferimenti c/capitale
4.03.10.01.004,Trasferimenti c/capitale
4.03.10.01.005,Trasferimenti c/capitale
4.03.10.01.006,Trasferimenti c/capitale
4.03.10.01.007,Trasferimenti c/capitale
4.03.10.01.008,Trasferimenti c/capitale
4.03.10.01.009,Trasferimenti c/capitale
4.03.10.01.010,Trasferimenti c/capitale
4.03.10.01.011,Trasferimenti c/capitale
4.03.10.01.012,Trasferimenti c/capitale
4.03.10.01.013,Trasferimenti c/capitale
4.03.10.01.999,Trasferimenti c/capitale
4.03.10.02.001,Trasferimenti c/capitale
4.03.10.02.002,Trasferimenti c/capitale
4.03.10.02.003,Trasferimenti c/capitale
4.03.10.02.004,Trasferimenti c/capitale
4.03.10.02.005,Trasferimenti c/capitale
4.03.10.02.006,Trasferimenti c/capitale
4.03.10.02.007,Trasferimenti c/capitale
4.03.10.02.008,Trasferimenti c/capitale
4.03.10.02.009,Trasferimenti c/capitale
4.03.10.02.010,Trasferimenti c/capitale
4.03.10.02.011,Trasferimenti c/capitale
4.03.10.02.012,Trasferimenti c/capitale
4.03.10.02.013,Trasferimenti c/capitale
4.03.10.02.014,Trasferimenti c/capitale
4.03.10.02.015,Trasferimenti c/capitale
4.03.10.02.016,Trasferimenti c/capitale
4.03.10.02.017,Trasferimenti c/capitale
4.03.10.02.018,Trasferimenti c/capitale
4.03.10.02.019,Trasferimenti c/capitale
4.03.10.02.999,Trasferimenti c/capitale
4.03.10.03.001,Trasferimenti c/capitale
4.03.10.03.002,Trasferimenti c/capitale
4.03.10.03.999,Trasferimenti c/capitale
4.03.10.04.001,Trasferimenti c/capitale
4.03.11.01.001,Trasferimenti c/capitale
4.03.12.01.001,Trasferimenti c/capitale
4.03.12.02.001,Trasferimenti c/capitale
4.03.12.99.001,Trasferimenti correnti
4.03.12.99.999,Trasferimenti c/capitale
4.03.13.01.001,Trasferimenti c/capitale
4.03.14.01.001,Trasferimenti c/capitale
4.03.14.02.001,Trasferimenti c/capitale
4.04.01.01.001,Entrate extratributarie
4.04.01.01.002,Entrate extratributarie
4.04.01.01.003,Entrate extratributarie
4.04.01.01.999,Entrate extratributarie
4.04.01.03.001,Entrate extratributarie
4.04.01.03.002,Entrate extratributarie
4.04.01.03.003,Entrate extratributarie
4.04.01.03.999,Entrate extratributarie
4.04.01.04.001,Entrate extratributarie
4.04.01.04.999,Entrate extratributarie
4.04.01.05.001,Entrate extratributarie
4.04.01.05.002,Entrate extratributarie
4.04.01.05.999,Entrate extratributarie
4.04.01.06.001,Entrate extratributarie
4.04.01.07.001,Entrate extratributarie
4.04.01.07.002,Entrate extratributarie
4.04.01.07.003,Entrate extratributarie
4.04.01.07.004,Entrate extratributarie
4.04.01.07.005,Entrate extratributarie
4.04.01.07.999,Entrate extratributarie
4.04.01.08.001,Entrate extratributarie
4.04.01.08.002,Entrate extratributarie
4.04.01.08.003,Entrate extratributarie
4.04.01.08.004,Entrate extratributarie
4.04.01.08.005,Entrate extratributarie
4.04.01.08.007,Entrate extratributarie
4.04.01.08.008,Entrate extratributarie
4.04.01.08.009,Entrate extratributarie
4.04.01.08.010,Entrate extratributarie
4.04.01.08.011,Entrate extratributarie
4.04.01.08.012,Entrate extratributarie
4.04.01.08.013,Entrate extratributarie
4.04.01.08.014,Entrate extratributarie
4.04.01.08.015,Entrate extratributarie
4.04.01.08.016,Entrate extratributarie
4.04.01.08.017,Entrate extratributarie
4.04.01.08.998,Entrate extratributarie
4.04.01.08.999,Entrate extratributarie
4.04.01.09.001,Entrate extratributarie
4.04.01.10.001,Entrate extratributarie
4.04.01.11.001,Entrate extratributarie
4.04.01.11.002,Entrate extratributarie
4.04.01.11.003,Entrate extratributarie
4.04.01.11.004,Entrate extratributarie
4.04.01.11.005,Entrate extratributarie
4.04.01.11.006,Entrate extratributarie
4.04.01.11.007,Entrate extratributarie
4.04.01.11.008,Entrate extratributarie
4.04.01.11.009,Entrate extratributarie
4.04.01.11.999,Entrate extratributarie
4.04.01.12.001,Entrate extratributarie
4.04.01.12.999,Entrate extratributarie
4.04.01.99.001,Entrate extratributarie
4.04.01.99.002,Entrate extratributarie
4.04.01.99.999,Entrate extratributarie
4.04.02.01.001,Altro
4.04.02.01.002,Entrate extratributarie
4.04.02.01.999,Entrate extratributarie
4.04.02.02.001,Entrate extratributarie
4.04.02.02.002,Entrate extratributarie
4.04.02.02.003,Entrate extratributarie
4.04.02.02.004,Entrate extratributarie
4.04.03.01.001,Altro
4.04.03.02.001,Entrate extratributarie
4.04.03.03.001,Entrate extratributarie
4.04.03.04.001,Entrate extratributarie
4.04.03.99.001,Entrate extratributarie
4.05.01.01.001,Entrate extratributarie
4.05.02.01.999,Entrate extratributarie
4.05.03.01.001,Entrate extratributarie
4.05.03.02.001,Entrate extratributarie
4.05.03.03.001,Entrate extratributarie
4.05.03.04.001,Entrate extratributarie
4.05.03.05.001,Entrate extratributarie
4.05.03.06.001,Entrate extratributarie
4.05.04.99.999,Entrate extratributarie
4101,Altro
4102,Altro
4103,Altro
4104,Altro
4105,Altro
4106,Altro
4111,Altro
4112,Altro
4113,Altro
4114,Altro
4115,Altro
4116,Imposte proprie
4117,Altro
4118,Altro
4121,Altro
4122,Altro
4123,Altro
4124,Altro
4125,Altro
4198,Altro
4199,Altro
4200,Altro
4201,Trasferimenti correnti
4202,Trasferimenti correnti
4203,Trasferimenti correnti
4204,Altro
4205,Altro
4211,Altro
4212,Trasferimenti correnti
4213,Trasferimenti correnti
4214,Trasferimenti correnti
4215,Trasferimenti correnti
4216,Trasferimenti correnti
4217,Trasferimenti correnti
4220,Trasferimenti correnti
4231,Trasferimenti correnti
4232,Trasferimenti correnti
4233,Trasferimenti correnti
4234,Trasferimenti correnti
4235,Trasferimenti correnti
4236,Trasferimenti correnti
4237,Trasferimenti correnti
4238,Trasferimenti correnti
4239,Trasferimenti correnti
4240,Trasferimenti correnti
4241,Trasferimenti correnti
4242,Trasferimenti correnti
4243,Trasferimenti correnti
4244,Trasferimenti correnti
4245,Trasferimenti correnti
4246,Trasferimenti correnti
4247,Trasferimenti correnti
4248,Trasferimenti correnti
4249,Trasferimenti correnti
4250,Trasferimenti correnti
4251,Trasferimenti correnti
4252,Trasferimenti correnti
4253,Trasferimenti correnti
4254,Trasferimenti correnti
4301,Altro
4302,Altro
4303,Altro
4304,Altro
4311,Altro
4312,Altro
4313,Trasferimenti correnti
4314,Altro
4321,Altro
4322,Altro
4323,Altro
4324,Altro
4325,Altro
4326,Altro
4400,Altro
4401,Altro
4402,Altro
4411,Altro
4412,Trasferimenti correnti
4413,Altro
4414,Trasferimenti correnti
4415,Trasferimenti correnti
4416,Trasferimenti correnti
4417,Altro
4418,Altro
4419,Altro
4420,Altro
4423,Altro
4424,Altro
4425,Altro
4426,Altro
4427,Altro
4431,Trasferimenti correnti
4432,Trasferimenti correnti
4433,Trasferimenti correnti
4434,Trasferimenti correnti
4435,Trasferimenti correnti
4441,Trasferimenti correnti
4442,Trasferimenti correnti
4451,Trasferimenti correnti
4452,Trasferimenti correnti
4461,Trasferimenti correnti
4462,Trasferimenti correnti
4463,Trasferimenti correnti
4464,Trasferimenti correnti
4465,Trasferimenti correnti
4466,Trasferimenti correnti
4467,Trasferimenti correnti
4468,Trasferimenti correnti
4469,Trasferimenti correnti
4470,Trasferimenti correnti
4499,Altro
4501,Altro
4502,Altro
4503,Altro
4504,Altro
4505,Altro
4506,Altro
4507,Altro
4508,Altro
4509,Altro
4510,Altro
4511,Altro
4512,Trasferimenti correnti
4513,Trasferimenti correnti
4514,Altro
4515,Altro
4516,Altro
4517,Altro
4518,Altro
4519,Altro
4523,Altro
4524,Altro
4530,Altro
4540,Altro
4550,Altro
4601,Altro
4602,Altro
4611,Altro
4612,Altro
4620,Altro
4631,Altro
4632,Altro
4633,Altro
4634,Altro
4635,Altro
4641,Altro
4642,Altro
4651,Altro
4661,Altro
4671,Altro
4672,Altro
4681,Altro
4682,Altro
4683,Altro
4999,Altro
5.01.01.01.001,Altro
5.01.01.01.002,Altro
5.01.01.01.999,Altro
5.01.01.02.001,Altro
5.01.01.02.002,Altro
5.01.01.02.999,Altro
5.01.01.03.001,Altro
5.01.01.03.002,Altro
5.01.01.03.999,Altro
5.01.01.04.001,Altro
5.01.01.04.999,Altro
5.01.01.05.000,Altro
5.01.01.05.001,Altro
5.01.01.05.002,Altro
5.01.01.05.003,Altro
5.01.02.01.001,Altro
5.01.02.99.999,Altro
5.01.03.01.001,Altro
5.01.03.02.001,Altro
5.01.03.03.001,Altro
5.01.03.04.001,Altro
5.01.04.01.001,Altro
5.01.04.02.001,Altro
5.01.04.03.001,Altro
5.01.04.04.001,Altro
5.02.01.01.001,Altro
5.02.01.01.003,Altro
5.02.01.01.004,Altro
5.02.01.01.005,Altro
5.02.01.01.006,Altro
5.02.01.01.007,Altro
5.02.01.01.008,Altro
5.02.01.01.009,Altro
5.02.01.01.010,Altro
5.02.01.01.011,Altro
5.02.01.01.012,Altro
5.02.01.01.013,Altro
5.02.01.01.999,Altro
5.02.01.02.001,Altro
5.02.01.02.002,Altro
5.02.01.02.003,Altro
5.02.01.02.004,Altro
5.02.01.02.005,Altro
5.02.01.02.006,Altro
5.02.01.02.007,Altro
5.02.01.02.008,Altro
5.02.01.02.009,Altro
5.02.01.02.010,Altro
5.02.01.02.011,Altro
5.02.01.02.012,Altro
5.02.01.02.013,Altro
5.02.01.02.014,Altro
5.02.01.02.015,Altro
5.02.01.02.016,Altro
5.02.01.02.017,Altro
5.02.01.02.018,Altro
5.02.01.02.019,Altro
5.02.01.02.999,Altro
5.02.01.03.001,Altro
5.02.01.03.002,Altro
5.02.01.03.999,Altro
5.02.01.04.001,Altro
5.02.02.01.001,Altro
5.02.03.01.001,Altro
5.02.03.02.001,Altro
5.02.03.03.001,Altro
5.02.03.99.999,Altro
5.02.04.01.001,Altro
5.02.05.01.001,Altro
5.02.05.02.001,Altro
5.02.06.01.001,Altro
5.02.06.01.003,Altro
5.02.06.01.004,Altro
5.02.06.01.005,Altro
5.02.06.01.006,Altro
5.02.06.01.007,Altro
5.02.06.01.008,Altro
5.02.06.01.009,Altro
5.02.06.01.010,Altro
5.02.06.01.011,Altro
5.02.06.01.012,Altro
5.02.06.01.013,Altro
5.02.06.01.999,Altro
5.02.06.02.001,Altro
5.02.06.02.002,Altro
5.02.06.02.003,Altro
5.02.06.02.004,Altro
5.02.06.02.005,Altro
5.02.06.02.006,Altro
5.02.06.02.007,Altro
5.02.06.02.008,Altro
5.02.06.02.009,Altro
5.02.06.02.010,Altro
5.02.06.02.011,Altro
5.02.06.02.012,Altro
5.02.06.02.013,Altro
5.02.06.02.014,Altro
5.02.06.02.015,Altro
5.02.06.02.016,Altro
5.02.06.02.017,Altro
5.02.06.02.018,Altro
5.02.06.02.019,Altro
5.02.06.02.999,Altro
5.02.06.03.001,Altro
5.02.06.03.002,Altro
5.02.06.03.999,Altro
5.02.06.04.001,Altro
5.02.07.01.001,Altro
5.02.08.01.001,Altro
5.02.08.02.001,Altro
5.02.08.03.001,Altro
5.02.08.99.999,Altro
5.02.09.01.001,Altro
5.02.10.01.001,Altro
5.02.10.02.001,Altro
5.03.01.01.001,Altro
5.03.01.01.003,Altro
5.03.01.01.004,Altro
5.03.01.01.005,Altro
5.03.01.01.006,Altro
5.03.01.01.007,Altro
5.03.01.01.008,Altro
5.03.01.01.009,Altro
5.03.01.01.010,Altro
5.03.01.01.011,Altro
5.03.01.01.012,Altro
5.03.01.01.013,Altro
5.03.01.01.999,Altro
5.03.01.02.001,Altro
5.03.01.02.002,Altro
5.03.01.02.003,Altro
5.03.01.02.004,Altro
5.03.01.02.005,Altro
5.03.01.02.006,Altro
5.03.01.02.007,Altro
5.03.01.02.008,Altro
5.03.01.02.009,Altro
5.03.01.02.010,Altro
5.03.01.02.011,Altro
5.03.01.02.012,Altro
5.03.01.02.013,Altro
5.03.01.02.014,Altro
5.03.01.02.015,Altro
5.03.01.02.016,Altro
5.03.01.02.017,Altro
5.03.01.02.018,Altro
5.03.01.02.019,Altro
5.03.01.02.999,Altro
5.03.01.03.001,Altro
5.03.01.03.002,Altro
5.03.01.03.999,Altro
5.03.01.04.001,Altro
5.03.02.01.001,Altro
5.03.03.01.001,Altro
5.03.03.02.001,Altro
5.03.03.03.001,Altro
5.03.03.99.999,Altro
5.03.04.01.001,Altro
5.03.05.01.001,Altro
5.03.05.02.001,Altro
5.03.06.01.001,Altro
5.03.06.01.003,Altro
5.03.06.01.004,Altro
5.03.06.01.005,Altro
5.03.06.01.006,Altro
5.03.06.01.007,Altro
5.03.06.01.008,Altro
5.03.06.01.009,Altro
5.03.06.01.010,Altro
5.03.06.01.011,Altro
5.03.06.01.012,Altro
5.03.06.01.013,Altro
5.03.06.01.999,Altro
5.03.06.02.001,Altro
5.03.06.02.002,Altro
5.03.06.02.003,Altro
5.03.06.02.004,Altro
5.03.06.02.005,Altro
5.03.06.02.006,Altro
5.03.06.02.007,Altro
5.03.06.02.008,Altro
5.03.06.02.009,Altro
5.03.06.02.010,Altro
5.03.06.02.011,Altro
5.03.06.02.012,Altro
5.03.06.02.013,Altro
5.03.06.02.014,Altro
5.03.06.02.015,Altro
5.03.06.02.016,Altro
5.03.06.02.017,Altro
5.03.06.02.018,Altro
5.03.06.02.019,Altro
5.03.06.02.999,Altro
5.03.06.03.001,Altro
5.03.06.03.002,Altro
5.03.06.03.999,Altro
5.03.06.04.001,Altro
5.03.07.01.001,Altro
5.03.08.01.001,Altro
5.03.08.02.001,Altro
5.03.08.03.001,Altro
5.03.08.99.999,Altro
5.03.09.01.001,Altro
5.03.10.01.001,Altro
5.03.10.02.001,Altro
5.03.11.01.001,Altro
5.03.11.01.003,Altro
5.03.11.01.004,Altro
5.03.11.01.005,Altro
5.03.11.01.006,Altro
5.03.11.01.007,Altro
5.03.11.01.008,Altro
5.03.11.01.009,Altro
5.03.11.01.010,Altro
5.03.11.01.011,Altro
5.03.11.01.012,Altro
5.03.11.01.013,Altro
5.03.11.01.999,Altro
5.03.11.02.001,Altro
5.03.11.02.002,Altro
5.03.11.02.003,Altro
5.03.11.02.004,Altro
5.03.11.02.005,Altro
5.03.11.02.006,Altro
5.03.11.02.007,Altro
5.03.11.02.008,Altro
5.03.11.02.009,Altro
5.03.11.02.010,Altro
5.03.11.02.011,Altro
5.03.11.02.012,Altro
5.03.11.02.013,Altro
5.03.11.02.014,Altro
5.03.11.02.015,Altro
5.03.11.02.016,Altro
5.03.11.02.017,Altro
5.03.11.02.018,Altro
5.03.11.02.019,Altro
5.03.11.02.999,Altro
5.03.11.03.001,Altro
5.03.11.03.002,Altro
5.03.11.03.999,Altro
5.03.12.01.001,Altro
5.03.13.01.001,Altro
5.03.13.02.001,Altro
5.03.13.03.001,Altro
5.03.13.99.999,Altro
5.03.14.01.001,Altro
5.03.15.01.001,Altro
5.03.15.02.001,Altro
5.04.01.01.001,Altro
5.04.01.01.003,Altro
5.04.01.01.004,Altro
5.04.01.01.005,Altro
5.04.01.01.006,Altro
5.04.01.01.007,Altro
5.04.01.01.008,Altro
5.04.01.01.009,Altro
5.04.01.01.010,Altro
5.04.01.01.011,Altro
5.04.01.01.012,Altro
5.04.01.01.013,Altro
5.04.01.01.999,Altro
5.04.01.02.001,Altro
5.04.01.02.002,Altro
5.04.01.02.003,Altro
5.04.01.02.004,Altro
5.04.01.02.005,Altro
5.04.01.02.006,Altro
5.04.01.02.007,Altro
5.04.01.02.008,Altro
5.04.01.02.009,Altro
5.04.01.02.010,Altro
5.04.01.02.011,Altro
5.04.01.02.012,Altro
5.04.01.02.013,Altro
5.04.01.02.014,Altro
5.04.01.02.015,Altro
5.04.01.02.016,Altro
5.04.01.02.017,Altro
5.04.01.02.018,Altro
5.04.01.02.019,Altro
5.04.01.02.999,Altro
5.04.01.03.001,Altro
5.04.01.03.002,Altro
5.04.01.03.999,Altro
5.04.02.01.001,Altro
5.04.03.01.001,Altro
5.04.03.02.001,Altro
5.04.03.03.001,Altro
5.04.03.99.999,Altro
5.04.04.01.001,Altro
5.04.05.01.001,Altro
5.04.05.02.001,Altro
5.04.06.01.001,Altro
5.04.07.01.001,Altro
5.04.08.01.001,Altro
5.04.08.01.002,Altro
5100,Altro
5101,Trasferimenti c/capitale
5102,Trasferimenti c/capitale
5103,Trasferimenti c/capitale
5104,Trasferimenti c/capitale
5105,Trasferimenti c/capitale
5106,Trasferimenti c/capitale
5107,Trasferimenti c/capitale
5108,Trasferimenti c/capitale
5109,Trasferimenti c/capitale
5110,Trasferimenti c/capitale
5111,Trasferimenti c/capitale
5112,Trasferimenti c/capitale
5113,Trasferimenti c/capitale
5114,Trasferimenti c/capitale
5115,Trasferimenti c/capitale
5116,Trasferimenti c/capitale
5117,Trasferimenti c/capitale
5118,Trasferimenti c/capitale
5119,Trasferimenti c/capitale
5120,Trasferimenti c/capitale
5121,Trasferimenti c/capitale
5199,Trasferimenti c/capitale
5200,Altro
5201,Trasferimenti c/capitale
5202,Trasferimenti c/capitale
5203,Trasferimenti c/capitale
5211,Altro
5212,Altro
5221,Altro
5222,Altro
5300,Altro
5301,Trasferimenti c/capitale
5302,Trasferimenti c/capitale
5303,Trasferimenti c/capitale
5304,Altro
5311,Altro
5312,Altro
5321,Altro
5322,Altro
5323,Altro
5324,Altro
5325,Altro
5326,Altro
5400,Altro
5401,Altro
5402,Altro
5411,Altro
5412,Altro
5413,Altro
5414,Altro
5415,Altro
5500,Altro
5511,Altro
5512,Altro
5601,Altro
5610,Altro
5701,Altro
5798,Altro
5799,Altro
6.01.01.01.001,Altro
6.01.01.01.002,Altro
6.01.01.02.001,Altro
6.01.01.02.002,Altro
6.01.02.01.001,Altro
6.01.02.01.002,Altro
6.01.02.02.001,Altro
6.01.02.02.002,Altro
6.02.01.01.001,Altro
6.02.01.01.002,Altro
6.02.01.01.003,Altro
6.02.01.01.004,Altro
6.02.01.01.005,Altro
6.02.01.01.006,Altro
6.02.01.01.007,Altro
6.02.01.01.008,Altro
6.02.01.01.009,Altro
6.02.01.01.010,Altro
6.02.01.01.011,Altro
6.02.01.01.012,Altro
6.02.01.01.999,Altro
6.02.01.02.001,Altro
6.02.01.02.002,Altro
6.02.01.02.003,Altro
6.02.01.02.004,Altro
6.02.01.02.005,Altro
6.02.01.02.006,Altro
6.02.01.02.007,Altro
6.02.01.02.008,Altro
6.02.01.02.009,Altro
6.02.01.02.010,Altro
6.02.01.02.011,Altro
6.02.01.02.012,Altro
6.02.01.02.013,Altro
6.02.01.02.014,Altro
6.02.01.02.015,Altro
6.02.01.02.016,Altro
6.02.01.02.017,Altro
6.02.01.02.018,Altro
6.02.01.02.019,Altro
6.02.01.02.999,Altro
6.02.01.03.001,Altro
6.02.01.03.002,Altro
6.02.01.03.999,Altro
6.02.01.04.001,Altro
6.02.01.04.002,Altro
6.02.01.04.999,Altro
6.02.01.99.001,Altro
6.02.02.01.001,Altro
6.02.02.01.002,Altro
6.02.02.01.003,Altro
6.02.02.01.999,Altro
6.02.02.02.001,Altro
6.02.02.02.002,Altro
6.02.02.02.003,Altro
6.02.02.02.999,Altro
6.03.01.01.001,Altro
6.03.01.01.002,Altro
6.03.01.01.003,Altro
6.03.01.01.004,Altro
6.03.01.01.005,Altro
6.03.01.01.006,Altro
6.03.01.01.007,Altro
6.03.01.01.008,Altro
6.03.01.01.009,Altro
6.03.01.01.010,Altro
6.03.01.01.011,Altro
6.03.01.01.012,Altro
6.03.01.01.999,Altro
6.03.01.02.001,Altro
6.03.01.02.002,Altro
6.03.01.02.003,Altro
6.03.01.02.004,Altro
6.03.01.02.005,Altro
6.03.01.02.006,Altro
6.03.01.02.007,Altro
6.03.01.02.008,Altro
6.03.01.02.009,Altro
6.03.01.02.010,Altro
6.03.01.02.011,Altro
6.03.01.02.012,Altro
6.03.01.02.013,Altro
6.03.01.02.014,Altro
6.03.01.02.015,Altro
6.03.01.02.016,Altro
6.03.01.02.017,Altro
6.03.01.02.018,Altro
6.03.01.02.019,Altro
6.03.01.02.999,Altro
6.03.01.03.001,Altro
6.03.01.03.002,Altro
6.03.01.03.999,Altro
6.03.01.04.001,Altro
6.03.01.04.002,Altro
6.03.01.04.003,Altro
6.03.01.04.999,Altro
6.03.01.05.001,Altro
6.03.01.06.001,Altro
6.03.02.01.001,Altro
6.03.03.01.001,Altro
6.03.03.01.002,Altro
6.03.03.01.003,Altro
6.03.03.01.004,Altro
6.03.03.01.005,Altro
6.03.03.01.006,Altro
6.03.03.01.007,Altro
6.03.03.01.008,Altro
6.03.03.01.009,Altro
6.03.03.01.010,Altro
6.03.03.01.011,Altro
6.03.03.01.012,Altro
6.03.03.01.999,Altro
6.03.03.02.001,Altro
6.03.03.02.002,Altro
6.03.03.02.003,Altro
6.03.03.02.004,Altro
6.03.03.02.005,Altro
6.03.03.02.006,Altro
6.03.03.02.007,Altro
6.03.03.02.008,Altro
6.03.03.02.009,Altro
6.03.03.02.010,Altro
6.03.03.02.011,Altro
6.03.03.02.012,Altro
6.03.03.02.013,Altro
6.03.03.02.014,Altro
6.03.03.02.015,Altro
6.03.03.02.016,Altro
6.03.03.02.017,Altro
6.03.03.02.018,Altro
6.03.03.02.019,Altro
6.03.03.02.999,Altro
6.03.03.03.001,Altro
6.03.03.03.002,Altro
6.03.03.03.999,Altro
6.03.03.04.001,Altro
6.03.03.04.002,Altro
6.03.03.04.999,Altro
6.03.03.99.001,Altro
6.04.02.01.001,Altro
6.04.03.01.001,Altro
6.04.03.02.001,Altro
6.04.04.01.001,Altro
6100,Altro
6101,Trasferimenti correnti
6102,Trasferimenti correnti
6103,Trasferimenti correnti
6104,Trasferimenti correnti
6105,Trasferimenti correnti
6106,Trasferimenti correnti
6107,Trasferimenti correnti
6108,Trasferimenti correnti
6109,Trasferimenti correnti
6110,Trasferimenti correnti
6111,Trasferimenti correnti
6112,Altro
6113,Trasferimenti correnti
6114,Trasferimenti correnti
6115,Trasferimenti correnti
6116,Trasferimenti correnti
6117,Trasferimenti correnti
6118,Trasferimenti correnti
6119,Trasferimenti correnti
6120,Altro
6121,Trasferimenti correnti
6122,Trasferimenti correnti
6123,Trasferimenti correnti
6124,Trasferimenti correnti
6125,Trasferimenti correnti
6130,Altro
6140,Altro
6150,Altro
6160,Altro
6170,Altro
6180,Altro
6190,Altro
6199,Trasferimenti correnti
6200,Altro
6201,Altro
6202,Trasferimenti correnti
6203,Trasferimenti correnti
6204,Trasferimenti correnti
6210,Altro
6220,Altro
6230,Altro
6300,Altro
6301,Trasferimenti correnti
6302,Trasferimenti correnti
6303,Trasferimenti correnti
6311,Altro
6312,Altro
6313,Altro
6314,Altro
6315,Altro
6316,Altro
6317,Altro
6318,Altro
6319,Altro
6400,Altro
6401,Altro
6420,Altro
6430,Altro
6450,Altro
6460,Altro
6500,Altro
6501,Altro
6502,Altro
6601,Altro
6701,Altro
6798,Altro
6799,Altro
6910,Altro
6911,Altro
6912,Altro
7.01.01.01.001,Altro
7100,Altro
7200,Altro
7201,Altro
7202,Altro
7300,Altro
7350,Altro
7401,Altro
7402,Altro
7403,Altro
7404,Altro
7405,Altro
7406,Altro
7407,Altro
7408,Altro
7409,Altro
7500,Altro
8100,Altro
8200,Altro
9.01.01.01.001,Altro
9.01.01.02.001,Altro
9.01.01.99.001,Altro
9.01.01.99.999,Altro
9.01.02.01.001,Altro
9.01.02.02.001,Altro
9.01.02.99.999,Altro
9.01.03.01.001,Altro
9.01.03.02.001,Altro
9.01.03.99.999,Altro
9.01.04.01.001,Altro
9.01.04.02.001,Altro
9.01.04.99.999,Altro
9.01.99.01.001,Altro
9.01.99.02.001,Altro
9.01.99.03.001,Altro
9.01.99.04.001,Altro
9.01.99.05.001,Altro
9.01.99.06.001,Altro
9.01.99.06.002,Altro
9.01.99.99.999,Altro
9.02.01.01.001,Altro
9.02.01.02.001,Altro
9.02.02.01.001,Altro
9.02.02.01.003,Altro
9.02.02.01.004,Altro
9.02.02.01.005,Altro
9.02.02.01.006,Altro
9.02.02.01.007,Altro
9.02.02.01.008,Altro
9.02.02.01.009,Altro
9.02.02.01.010,Altro
9.02.02.01.011,Altro
9.02.02.01.012,Altro
9.02.02.01.013,Altro
9.02.02.01.999,Altro
9.02.02.02.001,Altro
9.02.02.02.002,Altro
9.02.02.02.003,Altro
9.02.02.02.004,Altro
9.02.02.02.005,Altro
9.02.02.02.006,Altro
9.02.02.02.007,Altro
9.02.02.02.008,Altro
9.02.02.02.009,Altro
9.02.02.02.010,Altro
9.02.02.02.011,Altro
9.02.02.02.012,Altro
9.02.02.02.013,Altro
9.02.02.02.014,Altro
9.02.02.02.015,Altro
9.02.02.02.016,Altro
9.02.02.02.017,Altro
9.02.02.02.018,Altro
9.02.02.02.019,Altro
9.02.02.02.999,Altro
9.02.02.03.001,Altro
9.02.02.03.002,Altro
9.02.02.03.999,Altro
9.02.03.01.001,Altro
9.02.03.02.001,Altro
9.02.03.02.002,Altro
9.02.03.02.999,Altro
9.02.03.03.001,Altro
9.02.03.04.001,Altro
9.02.04.01.001,Altro
9.02.04.02.001,Altro
9.02.05.01.001,Altro
9.02.05.02.001,Altro
9.02.99.99.999,Altro
9000,Trasferimenti correnti
9995,Altro
9996,Altro
9998,Altro
9999,Altro
